{"metadata":{"asset_id":"19e95ed1-dd8f-4b80-b1a4-57e44fdc0989","asset_attributes":["data_asset"],"name":"Mall_Customers.csv","asset_type":"data_asset","created_at":"2021-12-11T17:07:50Z","description":"","origin_country":"us","owner_id":"IBMid-661002X7QU","project_id":"67e9ee79-51f9-4f7c-8a9e-d7a3edfc0bdf","size":3981,"tags":[],"usage":{"last_update_time":1639242471241,"last_updated_at":"2021-12-11T17:07:51Z"}},"entity":{"data_asset":{"mime_type":"text/csv","dataset":false}},"attachments":[{"id":"e0ee5c4c-e30e-4fdf-af59-73e18838c72b","version":2,"asset_type":"data_asset","name":"Mall_Customers.csv","mime":"text/csv","datasource_type":"193a97c1-4475-4a19-b90c-295c4fdc6517","object_key":"Mall_Customers.csv","creator_id":"IBMid-661002X7QU","create_time":1639242471239,"size":3981,"is_remote":false,"is_managed":false,"is_referenced":true,"is_object_key_read_only":true,"is_user_provided_path_key":true,"transfer_complete":true,"is_partitioned":false,"complete_time_ticks":1639242471239,"user_data":{},"test_doc":0,"handle":{"bucket":"assignment3segmentationofmallcust-donotdelete-pr-mnmvjyv3oem0fe","location":"eu-geo","key":"Mall_Customers.csv","upload_id":"done","max_part_num":1},"usage":{"access_count":0,"last_accessor_id":"IBMid-661002X7QU","last_access_time":1639242471239}}]}
