{"metadata":{"asset_id":"81a96954-5227-4b15-b7b3-79f98bab04eb","asset_attributes":["data_flow"],"name":"Mall_Customers.csv_flow","asset_type":"data_flow","created_at":"2021-12-11T17:18:32Z","description":"","origin_country":"us","owner_id":"IBMid-661002X7QU","project_id":"67e9ee79-51f9-4f7c-8a9e-d7a3edfc0bdf","size":0,"tags":[],"usage":{"last_update_time":1639243140900,"last_updated_at":"2021-12-11T17:19:00Z"}},"entity":{"data_flow":{"pipeline":{"version":"1.0","doc_type":"pipeline","app_data":{"shaperCreated":true,"replace_space_by_dot":true},"primary_pipeline":"pipeline1","pipelines":[{"id":"pipeline1","nodes":[{"output":{"id":"source1output"},"data_asset":{"ref":"19e95ed1-dd8f-4b80-b1a4-57e44fdc0989","app_data":{"dataset_name":"Mall_Customers.csv"},"properties":{"first_line_header":"true","encoding":"UTF-8","invalid_data_handling":"fail","file_format":"csv"}},"id":"source1","type":"binding"},{"id":"f66f8eeb-ef54-4f8a-9ec5-0c2afc1fcf91","type":"execution_node","op":"com.ibm.wdp.transformer.FreeformCode","app_data":{"uiParams":{"key":"mutate","code":"mutate(`CustomerID` = as.integer(`CustomerID`),`Age` = as.integer(`Age`),`Annual Income (k$)` = as.integer(`Annual Income (k$)`),`Spending Score (1-100)` = as.integer(`Spending Score (1-100)`))","args":{"type":"mutate","conditions":[],"auto":true,"autoConditions":[{"column":"CustomerID","type":"as.integer","newColumnName":"","format":"","actualType":"character","removeColumn":false},{"column":"Age","type":"as.integer","newColumnName":"","format":"","actualType":"character","removeColumn":false},{"column":"Annual Income (k$)","type":"as.integer","newColumnName":"","format":"","actualType":"character","removeColumn":false},{"column":"Spending Score (1-100)","type":"as.integer","newColumnName":"","format":"","actualType":"character","removeColumn":false}],"version":6},"automatic":true}},"parameters":{"FREEFORM_CODE":"mutate(`CustomerID` = as.integer(`CustomerID`),`Age` = as.integer(`Age`),`Annual Income (k$)` = as.integer(`Annual Income (k$)`),`Spending Score (1-100)` = as.integer(`Spending Score (1-100)`))"},"inputs":[{"id":"inputPort1","links":[{"node_id_ref":"source1","port_id_ref":"source1output"}]}],"outputs":[{"id":"outputPort1"}]},{"input":{"link":{"node_id_ref":"f66f8eeb-ef54-4f8a-9ec5-0c2afc1fcf91","port_id_ref":"outputPort1"},"id":"targetInput1"},"data_asset":{"project_ref":"67e9ee79-51f9-4f7c-8a9e-d7a3edfc0bdf","app_data":{"targetType":"dataAsset","project_name":"Assignment 3:- Segmentation of Mall Customer(Mall_Customer.csv)"},"properties":{"mode":"overwrite","name":"Mall_Customers_csv_shaped","first_line_header":true,"file_format":"csv"}},"id":"target1","type":"binding"}],"runtime":"Spark"}],"id":"e79e28fb-458e-4881-ad56-3f3d4d1e8e16"},"_entity_only":true}}}
