{"metadata":{"asset_id":"744328e9-22b2-4fc1-9162-a1fafe7d587c","asset_attributes":["data_flow"],"name":"challengers.csv_flow","asset_type":"data_flow","created_at":"2021-12-11T10:47:12Z","description":"","origin_country":"us","owner_id":"IBMid-661002X7QU","project_id":"b292717c-fa74-4f2c-abda-04223c38a839","size":2681,"tags":[],"usage":{"last_update_time":1639219633492,"last_updated_at":"2021-12-11T10:47:13Z"}},"entity":{"data_flow":{"_entity_only":false}},"attachments":[{"id":"e0176adb-63f8-46e8-9e13-9216531c2b21","version":2,"asset_type":"data_flow","name":"data_flow","description":"","mime":"application/json","datasource_type":"193a97c1-4475-4a19-b90c-295c4fdc6517","object_key":"data_flow/challengers.csv_flow","creator_id":"iam-ServiceId-f49c5558-c247-4983-a04f-7d3c7a3d55da","create_time":1639219633363,"size":2681,"is_remote":false,"is_managed":false,"is_referenced":true,"is_object_key_read_only":false,"is_user_provided_path_key":true,"transfer_complete":true,"is_partitioned":false,"complete_time_ticks":1639219633363,"user_data":{},"test_doc":0,"handle":{"bucket":"assignment2riskanalysisofspaceshu-donotdelete-pr-gvogswarousscj","location":"eu-geo","key":"data_flow/challengers.csv_flow","upload_id":"done","max_part_num":1},"usage":{"access_count":0,"last_accessor_id":"iam-ServiceId-f49c5558-c247-4983-a04f-7d3c7a3d55da","last_access_time":1639219633363}}]}
