{"metadata":{"asset_id":"ae170010-e10a-4385-8bda-85ab0bf9ff39","asset_attributes":["data_asset"],"name":"challengers.csv","asset_type":"data_asset","created_at":"2021-12-11T10:47:11Z","description":"","origin_country":"us","owner_id":"IBMid-661002X7QU","project_id":"b292717c-fa74-4f2c-abda-04223c38a839","size":388,"tags":[],"usage":{"last_update_time":1639219632155,"last_updated_at":"2021-12-11T10:47:12Z"}},"entity":{"data_asset":{"mime_type":"text/csv","dataset":false}},"attachments":[{"id":"bf04a27e-687b-454a-b48f-4ee9b9133148","version":2,"asset_type":"data_asset","name":"challengers.csv","mime":"text/csv","datasource_type":"193a97c1-4475-4a19-b90c-295c4fdc6517","object_key":"challengers.csv","creator_id":"iam-ServiceId-f49c5558-c247-4983-a04f-7d3c7a3d55da","create_time":1639219632022,"size":388,"is_remote":false,"is_managed":false,"is_referenced":true,"is_object_key_read_only":false,"is_user_provided_path_key":true,"transfer_complete":true,"is_partitioned":false,"complete_time_ticks":1639219632022,"user_data":{},"test_doc":0,"handle":{"bucket":"assignment2riskanalysisofspaceshu-donotdelete-pr-gvogswarousscj","location":"eu-geo","key":"challengers.csv","upload_id":"done","max_part_num":1},"usage":{"access_count":0,"last_accessor_id":"iam-ServiceId-f49c5558-c247-4983-a04f-7d3c7a3d55da","last_access_time":1639219632022}}]}
