{"metadata":{"asset_id":"be9eca5a-1746-466d-8ce7-59333c8b0493","asset_attributes":["data_flow"],"name":"insurance .csv_flow","asset_type":"data_flow","created_at":"2021-12-09T13:42:22Z","description":"","origin_country":"us","owner_id":"IBMid-661002X7QU","project_id":"87bbf01a-8054-41e2-9614-5e3c9e6b75e4","size":0,"tags":[],"usage":{"last_update_time":1639057860326,"last_updated_at":"2021-12-09T13:51:00Z"}},"entity":{"data_flow":{"pipeline":{"version":"1.0","doc_type":"pipeline","app_data":{"shaperCreated":true,"replace_space_by_dot":true},"primary_pipeline":"pipeline1","pipelines":[{"id":"pipeline1","nodes":[{"output":{"id":"source1output"},"data_asset":{"ref":"d3b6b37f-0d43-4e3b-b6c7-e248ec505ea3","app_data":{"dataset_name":"insurance .csv"},"properties":{"first_line_header":"true","encoding":"UTF-8","invalid_data_handling":"fail","file_format":"csv"}},"id":"source1","type":"binding"},{"op":"com.ibm.wdp.transformer.FreeformCode","id":"58d4789b-59dc-48c4-9273-db9ec5c8926f","type":"execution_node","app_data":{"uiParams":{"key":"mutate","code":"mutate(`age` = as.integer(`age`),`bmi` = as.double(`bmi`),`children` = as.integer(`children`),`premium` = as.double(`premium`))","args":{"type":"mutate","conditions":[],"auto":true,"autoConditions":[{"column":"age","type":"as.integer","newColumnName":"","format":"","actualType":"character","removeColumn":false},{"column":"bmi","type":"as.double","newColumnName":"","format":"","actualType":"character","removeColumn":false},{"column":"children","type":"as.integer","newColumnName":"","format":"","actualType":"character","removeColumn":false},{"column":"premium","type":"as.double","newColumnName":"","format":"","actualType":"character","removeColumn":false}],"version":6}}},"parameters":{"FREEFORM_CODE":"mutate(`age` = as.integer(`age`),`bmi` = as.double(`bmi`),`children` = as.integer(`children`),`premium` = as.double(`premium`))"},"inputs":[{"id":"inputPort1","links":[{"node_id_ref":"source1","port_id_ref":"source1output"}]}],"outputs":[{"id":"outputPort1"}]},{"input":{"link":{"node_id_ref":"58d4789b-59dc-48c4-9273-db9ec5c8926f","port_id_ref":"outputPort1"},"id":"targetInput1"},"data_asset":{"project_ref":"87bbf01a-8054-41e2-9614-5e3c9e6b75e4","app_data":{"targetType":"dataAsset","project_name":"Medical Insurance"},"properties":{"mode":"overwrite","name":"insurance _csv_shaped","first_line_header":true,"file_format":"csv"}},"id":"target1","type":"binding"}],"runtime":"Spark"}],"id":"8fcd8dc7-4bc1-4a61-832d-9dfde1c01d0e"},"_entity_only":true}}}
