{"metadata":{"asset_id":"d3b6b37f-0d43-4e3b-b6c7-e248ec505ea3","asset_attributes":["data_asset"],"name":"insurance .csv","asset_type":"data_asset","created_at":"2021-12-09T13:38:23Z","description":"","origin_country":"us","owner_id":"IBMid-661002X7QU","project_id":"87bbf01a-8054-41e2-9614-5e3c9e6b75e4","size":55628,"tags":[],"usage":{"last_update_time":1639057104761,"last_updated_at":"2021-12-09T13:38:24Z"}},"entity":{"data_asset":{"mime_type":"text/csv","dataset":false}},"attachments":[{"id":"fb8fc12e-78a8-4f5b-9185-70d535e16911","version":2,"asset_type":"data_asset","name":"insurance .csv","mime":"text/csv","datasource_type":"193a97c1-4475-4a19-b90c-295c4fdc6517","object_key":"insurance .csv","creator_id":"IBMid-661002X7QU","create_time":1639057104760,"size":55628,"is_remote":false,"is_managed":false,"is_referenced":true,"is_object_key_read_only":true,"is_user_provided_path_key":true,"transfer_complete":true,"is_partitioned":false,"complete_time_ticks":1639057104760,"user_data":{},"test_doc":0,"handle":{"bucket":"medicalinsurance-donotdelete-pr-8tnuc1mxtnnzdq","location":"eu-geo","key":"insurance .csv","upload_id":"done","max_part_num":1},"usage":{"access_count":0,"last_accessor_id":"IBMid-661002X7QU","last_access_time":1639057104760}}]}
