{"metadata":{"asset_id":"8fe4e060-d85c-4993-ad97-7cdb0fb26ede","asset_attributes":["wml_model"],"name":"Medical Insurance","asset_type":"wml_model","created_at":"2021-12-09T14:09:10Z","description":"","origin_country":"us","owner_id":"IBMid-661002X7QU","project_id":"87bbf01a-8054-41e2-9614-5e3c9e6b75e4","sandbox_id":"87bbf01a-8054-41e2-9614-5e3c9e6b75e4","size":4539,"tags":[],"usage":{"last_update_time":1639058953464,"last_updated_at":"2021-12-09T14:09:13Z"}},"entity":{"wml_model":{"software_spec":{"base_id":"687eddc9-028a-4117-b9dd-e57b36f1efa5","name":"spss-modeler_18.2"},"ml_version":"4.0.12","type":"spss-modeler_18.2","schemas":{"input":[{"fields":[{"metadata":{},"name":"age","nullable":true,"type":"integer"},{"metadata":{},"name":"sex","nullable":true,"type":"string"},{"metadata":{},"name":"bmi","nullable":true,"type":"double"},{"metadata":{},"name":"children","nullable":true,"type":"integer"},{"metadata":{},"name":"smoker","nullable":true,"type":"string"},{"metadata":{},"name":"region","nullable":true,"type":"string"},{"metadata":{},"name":"premium","nullable":true,"type":"double"}],"id":"insurance .csv","name":"insurance .csv","type":"struct"}],"output":[{"fields":[{"metadata":{},"name":"age","nullable":true,"type":"integer"},{"metadata":{},"name":"sex","nullable":true,"type":"string"},{"metadata":{},"name":"bmi","nullable":true,"type":"double"},{"metadata":{},"name":"children","nullable":true,"type":"integer"},{"metadata":{},"name":"smoker","nullable":true,"type":"string"},{"metadata":{},"name":"region","nullable":true,"type":"string"},{"metadata":{},"name":"premium","nullable":true,"type":"double"},{"metadata":{},"name":"Partition","nullable":true,"type":"string"}],"id":"id322VXFKL9LT","name":"K-Means","type":"struct"}]}}},"attachments":[{"id":"4868ab1a-92db-41f5-a458-ff0b99a7ddb4","version":2,"asset_type":"wml_model","datasource_type":"193a97c1-4475-4a19-b90c-295c4fdc6517","creator_id":"IBMid-661002X7QU","create_time":1639058951513,"size":4539,"is_remote":false,"is_managed":true,"is_referenced":false,"is_object_key_read_only":false,"is_user_provided_path_key":false,"transfer_complete":true,"is_partitioned":false,"complete_time_ticks":1639058953463,"user_data":{"content_format":"native"},"test_doc":0,"handle":{"bucket":"medicalinsurance-donotdelete-pr-8tnuc1mxtnnzdq","location":"eu-geo","type":"bluemix_cos","key":"95738e62-2453-43ee-ada2-eb893173bf5b/8fe4e060-d85c-4993-ad97-7cdb0fb26ede/4868ab1a-92db-41f5-a458-ff0b99a7ddb4","upload_id":"done","max_part_num":1},"usage":{"access_count":0,"last_accessor_id":"IBMid-661002X7QU","last_access_time":1639058951513}}]}
